[
  {
    "Id": 0,
    "Name": "Brazil",
    "Championships": 5,
    "Ranking": 2,
    "Confederation": "CONMEBOL",
    "GroupLetter":  "E"
  },

  {
    "Id": 0,
    "Name": "Argentina",
    "Championships": 2,
    "Ranking": 5,
    "Confederation": "CONMEBOL",
    "GroupLetter": "D"
  },

  {
    "Id": 0,
    "Name": "Colombia",
    "Championships": 0,
    "Ranking": 16,
    "Confederation": "CONMEBOL",
    "GroupLetter": "H"
  },

  {
    "Id": 0,
    "Name": "Peru",
    "Championships": 0,
    "Ranking": 11,
    "Confederation": "CONMEBOL",
    "GroupLetter": "C"
  },

  {
    "Id": 0,
    "Name": "Uruguay",
    "Championships": 2,
    "Ranking": 17,
    "Confederation": "CONMEBOL",
    "GroupLetter": "A"
  },

  {
    "Id": 0,
    "Name": "Germany",
    "Championships": 4,
    "Ranking": 1,
    "Confederation": "UEFA",
    "GroupLetter": "F"
  },

  {
    "Id": 0,
    "Name": "Belgium",
    "Championships": 0,
    "Ranking": 3,
    "Confederation": "UEFA",
    "GroupLetter": "G"
  },

  {
    "Id": 0,
    "Name": "Croatia",
    "Championships": 0,
    "Ranking": 18,
    "Confederation": "UEFA",
    "GroupLetter": "D"
  },

  {
    "Id": 0,
    "Name": "Denmark",
    "Championships": 0,
    "Ranking": 12,
    "Confederation": "UEFA",
    "GroupLetter": "C"
  },

  {
    "Id": 0,
    "Name": "England",
    "Championships": 1,
    "Ranking": 13,
    "Confederation": "UEFA",
    "GroupLetter": "G"
  },

  {
    "Id": 0,
    "Name": "France",
    "Championships": 1,
    "Ranking": 7,
    "Confederation": "UEFA",
    "GroupLetter": "C"
  },

  {
    "Id": 0,
    "Name": "Iceland",
    "Championships": 0,
    "Ranking": 22,
    "Confederation": "UEFA",
    "GroupLetter": "D"
  },

  {
    "Id": 0,
    "Name": "Poland",
    "Championships": 0,
    "Ranking": 10,
    "Confederation": "UEFA",
    "GroupLetter": "H"
  },

  {
    "Id": 0,
    "Name": "Portugal",
    "Championships": 0,
    "Ranking": 4,
    "Confederation": "UEFA",
    "GroupLetter": "B"
  },

  {
    "Id": 0,
    "Name": "Russia",
    "Championships": 0,
    "Ranking": 66,
    "Confederation": "UEFA",
    "GroupLetter": "A"
  },

  {
    "Id": 0,
    "Name": "Serbia",
    "Championships": 0,
    "Ranking": 35,
    "Confederation": "UEFA",
    "GroupLetter": "E"
  },

  {
    "Id": 0,
    "Name": "Spain",
    "Championships": 1,
    "Ranking": 8,
    "Confederation": "UEFA",
    "GroupLetter": "B"
  },

  {
    "Id": 0,
    "Name": "Sweden",
    "Championships": 0,
    "Ranking": 23,
    "Confederation": "UEFA",
    "GroupLetter": "F"
  },

  {
    "Id": 0,
    "Name": "Switzerland",
    "Championships": 0,
    "Ranking": 6,
    "Confederation": "UEFA",
    "GroupLetter": "E"
  },

  {
    "Id": 0,
    "Name": "Costa Rica",
    "Championships": 0,
    "Ranking": 25,
    "Confederation": "CONCACAF",
    "GroupLetter": "E"
  },

  {
    "Id": 0,
    "Name": "Mexico",
    "Championships": 0,
    "Ranking": 15,
    "Confederation": "CONCACAF",
    "GroupLetter": "F"
  },

  {
    "Id": 0,
    "Name": "Panama",
    "Championships": 0,
    "Ranking": 55,
    "Confederation": "CONCACAF",
    "GroupLetter": "G"
  },

  {
    "Id": 0,
    "Name": "Australia",
    "Championships": 0,
    "Ranking": 40,
    "Confederation": "AFC",
    "GroupLetter": "C"
  },

  {
    "Id": 0,
    "Name": "IR Iran",
    "Championships": 0,
    "Ranking": 36,
    "Confederation": "AFC",
    "GroupLetter": "B"
  },

  {
    "Id": 0,
    "Name": "Japan",
    "Championships": 0,
    "Ranking": 60,
    "Confederation": "AFC",
    "GroupLetter": "H"
  },

  {
    "Id": 0,
    "Name": "Korea Republic",
    "Championships": 0,
    "Ranking": 61,
    "Confederation": "AFC",
    "GroupLetter": "F"
  },

  {
    "Id": 0,
    "Name": "Saudi Arabia",
    "Championships": 0,
    "Ranking": 67,
    "Confederation": "AFC",
    "GroupLetter": "A"
  },

  {
    "Id": 0,
    "Name": "Egypt",
    "Championships": 0,
    "Ranking": 46,
    "Confederation": "CAF",
    "GroupLetter": "A"
  },

  {
    "Id": 0,
    "Name": "Morocco",
    "Championships": 0,
    "Ranking": 42,
    "Confederation": "CAF",
    "GroupLetter": "B"
  },

  {
    "Id": 0,
    "Name": "Nigeria",
    "Championships": 0,
    "Ranking": 47,
    "Confederation": "CAF",
    "GroupLetter": "D"
  },

  {
    "Id": 0,
    "Name": "Senegal",
    "Championships": 0,
    "Ranking": 28,
    "Confederation": "CAF",
    "GroupLetter": "H"
  },

  {
    "Id": 0,
    "Name": "Tunisia",
    "Championships": 0,
    "Ranking": 14,
    "Confederation": "CAF",
    "GroupLetter": "G"
  }
]